symbol,name
RELIANCE,RELIANCE INDUSTRIES LIMITED
TCS,TATA CONSULTANCY SERVICES LIMITED
HDFCBANK,HDFC BANK LIMITED
BHARTIARTL,BHARTI AIRTEL LIMITED
ICICIBANK,ICICI BANK LIMITED
INFY,INFOSYS LIMITED
SBIN,STATE BANK OF INDIA
LICI,LIFE INSURANCE CORPORATION OF INDIA
HINDUNILVR,HINDUSTAN UNILEVER LIMITED
ITC,ITC LIMITED
LT,LARSEN & TOUBRO LIMITED
HCLTECH,HCL TECHNOLOGIES LIMITED
BAJFINANCE,BAJAJ FINANCE LIMITED
SUNPHARMA,SUN PHARMACEUTICAL INDUSTRIES LIMITED
NTPC,NTPC LIMITED
MARUTI,MARUTI SUZUKI INDIA LIMITED
AXISBANK,AXIS BANK LIMITED
ONGC,OIL & NATURAL GAS CORPORATION LIMITED
M&M,MAHINDRA & MAHINDRA LIMITED
KOTAKBANK,KOTAK MAHINDRA BANK LIMITED
TATAMOTORS,TATA MOTORS LIMITED
ADANIENT,ADANI ENTERPRISES LIMITED
ULTRACEMCO,ULTRATECH CEMENT LIMITED
POWERGRID,POWER GRID CORPORATION OF INDIA LIMITED
HAL,HINDUSTAN AERONAUTICS LIMITED
TITAN,TITAN COMPANY LIMITED
ADANIPORTS,ADANI PORTS AND SPECIAL ECONOMIC ZONE LIMITED
DMART,AVENUE SUPERMARTS LIMITED
COALINDIA,COAL INDIA LIMITED
WIPRO,WIPRO LIMITED
BAJAJ-AUTO,BAJAJ AUTO LIMITED
ASIANPAINT,ASIAN PAINTS LIMITED
BAJAJFINSV,BAJAJ FINSERV LIMITED
ADANIGREEN,ADANI GREEN ENERGY LIMITED
SIEMENS,SIEMENS LIMITED
ADANIPOWER,ADANI POWER LIMITED
TRENT,TRENT LIMITED
NESTLEIND,NESTLE INDIA LIMITED
JSWSTEEL,JSW STEEL LIMITED
ETERNAL,ETERNAL (ZOMATO) LIMITED
HINDZINC,HINDUSTAN ZINC LIMITED
IOC,INDIAN OIL CORPORATION LIMITED
BEL,BHARAT ELECTRONICS LIMITED
IRFC,INDIAN RAILWAY FINANCE CORPORATION LIMITED
JIOFIN,JIO FINANCIAL SERVICES LIMITED
DLF,DLF LIMITED
VBL,VARUN BEVERAGES LIMITED
TATASTEEL,TATA STEEL LIMITED
VEDL,VEDANTA LIMITED
LTIM,LTIMINDTREE LIMITED
GRASIM,GRASIM INDUSTRIES LIMITED
INDIGO,INTERGLOBE AVIATION LIMITED
SBILIFE,SBI LIFE INSURANCE COMPANY LIMITED
PFC,POWER FINANCE CORPORATION LIMITED
ABB,ABB INDIA LIMITED
TECHM,TECH MAHINDRA LIMITED
PIDILITIND,PIDILITE INDUSTRIES LIMITED
HINDALCO,HINDALCO INDUSTRIES LIMITED
AMBUJACEM,AMBUJA CEMENTS LIMITED
HYUNDAI,HYUNDAI MOTOR INDIA LIMITED
HDFCLIFE,HDFC LIFE INSURANCE COMPANY LIMITED
RECLTD,REC LIMITED
DIVISLAB,DIVI'S LABORATORIES LIMITED
GAIL,GAIL (INDIA) LIMITED
BPCL,BHARAT PETROLEUM CORPORATION LIMITED
TATAPOWER,TATA POWER COMPANY LIMITED
GODREJCP,GODREJ CONSUMER PRODUCTS LIMITED
BRITANNIA,BRITANNIA INDUSTRIES LIMITED
EICHERMOT,EICHER MOTORS LIMITED
MOTHERSON,SAMVARDHANA MOTHERSON INTERNATIONAL LIMITED
LODHA,MACROTECH DEVELOPERS LIMITED
BANKBARODA,BANK OF BARODA
CIPLA,CIPLA LIMITED
JSWENERGY,JSW ENERGY LIMITED
TVSMOTOR,TVS MOTOR COMPANY LIMITED
PNB,PUNJAB NATIONAL BANK
SHRIRAMFIN,SHRIRAM FINANCE LIMITED
CHOLAFIN,CHOLAMANDALAM INVESTMENT AND FINANCE COMPANY LIMITED
BAJAJHFL,BAJAJ HOUSING FINANCE LIMITED
SWIGGY,SWIGGY LIMITED
NTPCGREEN,NTPC GREEN ENERGY LIMITED
HAVELLS,HAVELLS INDIA LIMITED
ADANIENSOL,ADANI ENERGY SOLUTIONS LIMITED
CGPOWER,CG POWER AND INDUSTRIAL SOLUTIONS LIMITED
TORNTPHARM,TORRENT PHARMACEUTICALS LIMITED
DRREDDY,DR. REDDY'S LABORATORIES LIMITED
IOB,INDIAN OVERSEAS BANK
ZYDUSLIFE,ZYDUS LIFESCIENCES LIMITED
TATACONSUM,TATA CONSUMER PRODUCTS LIMITED
UNITDSPR,UNITED SPIRITS LIMITED
RVNL,RAIL VIKAS NIGAM LIMITED
HEROMOTOCO,HERO MOTOCORP LIMITED
DABUR,DABUR INDIA LIMITED
ICICIPRULI,ICICI PRUDENTIAL LIFE INSURANCE COMPANY LIMITED
BOSCHLTD,BOSCH LIMITED
POLYCAB,POLYCAB INDIA LIMITED
INDUSTOWER,INDUS TOWERS LIMITED
CUMMINSIND,CUMMINS INDIA LIMITED
NAUKRI,INFO EDGE (INDIA) LIMITED
INDHOTEL,THE INDIAN HOTELS COMPANY LIMITED
APOLLOHOSP,APOLLO HOSPITALS ENTERPRISE LIMITED
MANKIND,MANKIND PHARMA LIMITED
OFSS,ORACLE FINANCIAL SERVICES SOFTWARE LIMITED
INDUSINDBK,INDUSIND BANK LIMITED
ICICIGI,ICICI LOMBARD GENERAL INSURANCE COMPANY LIMITED
JINDALSTEL,JINDAL STEEL & POWER LIMITED
SOLARINDS,SOLAR INDUSTRIES INDIA LIMITED
CANBK,CANARA BANK
LUPIN,LUPIN LIMITED
MAXHEALTH,MAX HEALTHCARE INSTITUTE LIMITED
SUZLON,SUZLON ENERGY LIMITED
BHEL,BHARAT HEAVY ELECTRICALS LIMITED
UNIONBANK,UNION BANK OF INDIA
SHREECEM,SHREE CEMENT LIMITED
IDBI,IDBI BANK LIMITED
NHPC,NHPC LIMITED
MAZDOCK,MAZAGON DOCK SHIPBUILDERS LIMITED
OIL,OIL INDIA LIMITED
COLPAL,COLGATE PALMOLIVE (INDIA) LIMITED
ATGL,ADANI TOTAL GAS LIMITED
DIXON,DIXON TECHNOLOGIES (INDIA) LIMITED
MARICO,MARICO LIMITED
PERSISTENT,PERSISTENT SYSTEMS LIMITED
HINDPETRO,HINDUSTAN PETROLEUM CORPORATION LIMITED
WAAREEENER,WAAREE ENERGIES LIMITED
GODREJPROP,GODREJ PROPERTIES LIMITED
TORNTPOWER,TORRENT POWER LIMITED
GMRAIRPORT,GMR AIRPORTS LIMITED
AUROPHARMA,AUROBINDO PHARMA LIMITED
IDEA,VODAFONE IDEA LIMITED
POLICYBZR,PB FINTECH LIMITED
TIINDIA,TUBE INVESTMENTS OF INDIA LIMITED
MUTHOOTFIN,MUTHOOT FINANCE LIMITED
INDIANB,INDIAN BANK
PRESTIGE,PRESTIGE ESTATES PROJECTS LIMITED
IRCTC,INDIAN RAILWAY CATERING AND TOURISM CORPORATION LIMITED
SRF,SRF LIMITED
YESBANK,YES BANK LIMITED
GICRE,GENERAL INSURANCE CORPORATION OF INDIA
BHARATFORG,BHARAT FORGE LIMITED
OBEROIRLTY,OBEROI REALTY LIMITED
SBICARD,SBI CARDS AND PAYMENT SERVICES LIMITED
ASHOKLEY,ASHOK LEYLAND LIMITED
ALKEM,ALKEM LABORATORIES LIMITED
JSWINFRA,JSW INFRASTRUCTURE LIMITED
KALYANKJIL,KALYAN JEWELLERS INDIA LIMITED
NMDC,NMDC LIMITED
BHARTIHEXA,BHARTI HEXACOM LIMITED
PIIND,PI INDUSTRIES LIMITED
SUPREMEIND,SUPREME INDUSTRIES LIMITED
LINDEINDIA,LINDE INDIA LIMITED
BERGEPAINT,BERGER PAINTS (I) LIMITED
FACT,FERTILIZERS AND CHEMICALS TRAVANCORE LIMITED
PHOENIXLTD,THE PHOENIX MILLS LIMITED
IREDA,INDIAN RENEWABLE ENERGY DEVELOPMENT AGENCY LIMITED
JSL,JINDAL STAINLESS LIMITED
UNOMINDA,UNO MINDA LIMITED
SCHAEFFLER,SCHAEFFLER INDIA LIMITED
UCOBANK,UCO BANK
THERMAX,THERMAX LIMITED
BALKRISIND,BALKRISHNA INDUSTRIES LIMITED
VOLTAS,VOLTAS LIMITED
MRF,MRF LIMITED
MPHASIS,MPHASIS LIMITED
CONCOR,CONTAINER CORPORATION OF INDIA LIMITED
ABCAPITAL,ADITYA BIRLA CAPITAL LIMITED
LTTS,L&T TECHNOLOGY SERVICES LIMITED
POWERINDIA,HITACHI ENERGY INDIA LIMITED
SAIL,STEEL AUTHORITY OF INDIA LIMITED
TATACOMM,TATA COMMUNICATIONS LIMITED
NYKAA,FSN E COMMERCE VENTURES LIMITED
UBL,UNITED BREWERIES LIMITED
PGHH,PROCTER & GAMBLE HYGIENE AND HEALTH CARE LIMITED
ASTRAL,ASTRAL LIMITED
IDFCFIRSTB,IDFC FIRST BANK LIMITED
PETRONET,PETRONET LNG LIMITED
BANKINDIA,BANK OF INDIA
HUDCO,HOUSING & URBAN DEVELOPMENT CORPORATION LIMITED
PREMIERENE,PREMIER ENERGIES LIMITED
CENTRALBK,CENTRAL BANK OF INDIA
BSE,BSE LIMITED
SUNDARMFIN,SUNDARAM FINANCE LIMITED
COROMANDEL,COROMANDEL INTERNATIONAL LIMITED
SJVN,SJVN LIMITED
COCHINSHIP,COCHIN SHIPYARD LIMITED
FEDERALBNK,THE FEDERAL BANK  LIMITED
HEXT,HEXAWARE TECHNOLOGIES LIMITED
PAGEIND,PAGE INDUSTRIES LIMITED
COFORGE,COFORGE LIMITED
AUBANK,AU SMALL FINANCE BANK LIMITED
VMM,VISHAL MEGA MART LIMITED
MOTILALOFS,MOTILAL OSWAL FINANCIAL SERVICES LIMITED
LLOYDSME,LLOYDS METALS AND ENERGY LIMITED
BDL,BHARAT DYNAMICS LIMITED
KPITTECH,KPIT TECHNOLOGIES LIMITED
TATAELXSI,TATA ELXSI LIMITED
GVT&D,GE VERNOVA T&D INDIA LIMITED
GLENMARK,GLENMARK PHARMACEUTICALS LIMITED
GLAXO,GLAXOSMITHKLINE PHARMACEUTICALS LIMITED
ACC,ACC LIMITED
FORTIS,FORTIS HEALTHCARE LIMITED
PAYTM,ONE 97 COMMUNICATIONS LIMITED
AWL,ADANI WILMAR LIMITED
NAM-INDIA,NIPPON LIFE INDIA ASSET MANAGEMENT LIMITED
HONAUT,HONEYWELL AUTOMATION INDIA LIMITED
OLAELEC,OLA ELECTRIC MOBILITY LIMITED
FLUOROCHEM,GUJARAT FLUOROCHEMICALS LIMITED
MAHABANK,BANK OF MAHARASHTRA
BIOCON,BIOCON LIMITED
UPL,UPL LIMITED
ESCORTS,ESCORTS KUBOTA LIMITED
JUBLFOOD,JUBILANT FOODWORKS LIMITED
APLAPOLLO,APL APOLLO TUBES LIMITED
EXIDEIND,EXIDE INDUSTRIES LIMITED
SONACOMS,SONA BLW PRECISION FORGINGS LIMITED
TATATECH,TATA TECHNOLOGIES LIMITED
LTF,L&T FINANCE LIMITED
GUJGASLTD,GUJARAT GAS LIMITED
360ONE,360 ONE WAM LIMITED
3MINDIA,3M INDIA LIMITED
MFSL,MAX FINANCIAL SERVICES LIMITED
KEI,KEI INDUSTRIES LIMITED
AIAENG,AIA ENGINEERING LIMITED
DEEPAKNTR,DEEPAK NITRITE LIMITED
NATIONALUM,NATIONAL ALUMINIUM COMPANY LIMITED
BLUESTARCO,BLUE STAR LIMITED
NIACL,THE NEW INDIA ASSURANCE COMPANY LIMITED
PSB,PUNJAB & SIND BANK
APARINDS,APAR INDUSTRIES LIMITED
AJANTPHARM,AJANTA PHARMA LIMITED
IPCALAB,IPCA LABORATORIES LIMITED
LICHSGFIN,LIC HOUSING FINANCE LIMITED
NLCINDIA,NLC INDIA LIMITED
M&MFIN,MAHINDRA & MAHINDRA FINANCIAL SERVICES LIMITED
IRB,IRB INFRASTRUCTURE DEVELOPERS LIMITED
CRISIL,CRISIL LIMITED
GODREJIND,GODREJ INDUSTRIES LIMITED
DALBHARAT,DALMIA BHARAT LIMITED
SYNGENE,SYNGENE INTERNATIONAL LIMITED
ENDURANCE,ENDURANCE TECHNOLOGIES LIMITED
METROBRAND,METRO BRANDS LIMITED
JKCEMENT,JK CEMENT LIMITED
KAYNES,KAYNES TECHNOLOGY INDIA LIMITED
IKS,INVENTURUS KNOWLEDGE SOLUTIONS LIMITED
IGL,INDRAPRASTHA GAS LIMITED
ABFRL,ADITYA BIRLA FASHION AND RETAIL LIMITED
APOLLOTYRE,APOLLO TYRES LIMITED
FIRSTCRY,BRAINBEES SOLUTIONS LIMITED
STARHEALTH,STAR HEALTH AND ALLIED INSURANCE COMPANY LIMITED
GODIGIT,GO DIGIT GENERAL INSURANCE LIMITED
MRPL,MANGALORE REFINERY AND PETROCHEMICALS LIMITED
EMAMILTD,EMAMI LIMITED
KPRMILL,K.P.R. MILL LIMITED
CHOLAHLDNG,CHOLAMANDALAM FINANCIAL HOLDINGS LIMITED
SUNTV,SUN TV NETWORK LIMITED
CDSL,CENTRAL DEPOSITORY SERVICES (INDIA) LIMITED
MANYAVAR,VEDANT FASHIONS LIMITED
BANDHANBNK,BANDHAN BANK LIMITED
GLAND,GLAND PHARMA LIMITED
GODFRYPHLP,GODFREY PHILLIPS INDIA LIMITED
MEDANTA,GLOBAL HEALTH LIMITED
MSUMI,MOTHERSON SUMI WIRING INDIA LIMITED
BRIGADE,BRIGADE ENTERPRISES LIMITED
NBCC,NBCC (INDIA) LIMITED
HINDCOPPER,HINDUSTAN COPPER LIMITED
POONAWALLA,POONAWALLA FINCORP LIMITED
PPLPHARMA,PIRAMAL PHARMA LIMITED
JBCHEPHARM,JB CHEMICALS & PHARMACEUTICALS LIMITED
DELHIVERY,DELHIVERY LIMITED
GILLETTE,GILLETTE INDIA LIMITED
CARBORUNIV,CARBORUNDUM UNIVERSAL LIMITED
ABREL,ADITYA BIRLA REAL ESTATE LIMITED
BASF,BASF INDIA LIMITED
ZFCVINDIA,ZF COMMERCIAL VEHICLE CONTROL SYSTEMS INDIA LIMITED
AEGISLOG,AEGIS LOGISTICS LIMITED
ITI,ITI LIMITED
RADICO,RADICO KHAITAN LIMITED
SUNDRMFAST,SUNDRAM FASTENERS LIMITED
TIMKEN,TIMKEN INDIA LIMITED
TATACHEM,TATA CHEMICALS LIMITED
CROMPTON,CROMPTON GREAVES CONSUMER ELECTRICALS LIMITED
JYOTICNC,JYOTI CNC AUTOMATION LIMITED
SUMICHEM,SUMITOMO CHEMICAL INDIA LIMITED
LALPATHLAB,DR. LAL PATH LABS LIMITED
INOXWIND,INOX WIND LIMITED
HSCL,HIMADRI SPECIALITY CHEMICAL LIMITED
LAURUSLABS,LAURUS LABS LIMITED
EMCURE,EMCURE PHARMACEUTICALS LIMITED
GRINDWELL,GRINDWELL NORTON LIMITED
WHIRLPOOL,WHIRLPOOL OF INDIA LIMITED
SKFINDIA,SKF INDIA LIMITED
ARE&M,AMARA RAJA ENERGY & MOBILITY LIMITED
HATSUN,HATSUN AGRO PRODUCT LIMITED
NH,NARAYANA HRUDAYALAYA LIMITED
NATCOPHARM,NATCO PHARMA LIMITED
KEC,KEC INTERNATIONAL LIMITED
RATNAMANI,RATNAMANI METALS & TUBES LIMITED
PFIZER,PFIZER LIMITED
EIHOTEL,EIH LIMITED
CESC,CESC LIMITED
KIOCL,KIOCL LIMITED
PEL,PIRAMAL ENTERPRISES LIMITED
POLYMED,POLY MEDICURE LIMITED
ANGELONE,ANGEL ONE LIMITED
PNBHOUSING,PNB HOUSING FINANCE LIMITED
IGIL,INTERNATIONAL GEMMOLOGICAL INSTITUTE (INDIA) LIMITED
CASTROLIND,CASTROL INDIA LIMITED
KANSAINER,KANSAI NEROLAC PAINTS LIMITED
NUVAMA,NUVAMA WEALTH MANAGEMENT LIMITED
IRCON,IRCON INTERNATIONAL LIMITED
JWL,JUPITER WAGONS LIMITED
TRITURBINE,TRIVENI TURBINE LIMITED
SHYAMMETL,SHYAM METALICS AND ENERGY LIMITED
ANANTRAJ,ANANT RAJ LIMITED
FSL,FIRSTSOURCE SOLUTIONS LIMITED
ATUL,ATUL LIMITED
CAMS,COMPUTER AGE MANAGEMENT SERVICES LIMITED
AFFLE,AFFLE (INDIA) LIMITED
TEJASNET,TEJAS NETWORKS LIMITED
FIVESTAR,FIVE-STAR BUSINESS FINANCE LIMITED
APLLTD,ALEMBIC PHARMACEUTICALS LIMITED
ABSLAMC,ADITYA BIRLA SUN LIFE AMC LIMITED
JBMA,JBM AUTO LIMITED
KAJARIACER,KAJARIA CERAMICS LIMITED
GRSE,GARDEN REACH SHIPBUILDERS & ENGINEERS LIMITED
CYIENT,CYIENT LIMITED
GSPL,GUJARAT STATE PETRONET LIMITED
FINCABLES,FINOLEX CABLES LIMITED
ELGIEQUIP,ELGI EQUIPMENTS LIMITED
KIMS,KRISHNA INSTITUTE OF MEDICAL SCIENCES LIMITED
KPIL,KALPATARU PROJECTS INTERNATIONAL LIMITED
ASTERDM,ASTER DM HEALTHCARE LIMITED
RAMCOCEM,THE RAMCO CEMENTS LIMITED
JINDALSAW,JINDAL SAW LIMITED
BIKAJI,BIKAJI FOODS INTERNATIONAL LIMITED
AARTIIND,AARTI INDUSTRIES LIMITED
CIEINDIA,CIE AUTOMOTIVE INDIA LIMITED
CHAMBLFERT,CHAMBAL FERTILIZERS & CHEMICALS LIMITED
VINATIORGA,VINATI ORGANICS LIMITED
SIGNATURE,SIGNATUREGLOBAL (INDIA) LIMITED
SWANENERGY,SWAN ENERGY LIMITED
CONCORDBIO,CONCORD BIOTECH LIMITED
NCC,NCC LIMITED
VGUARD,V-GUARD INDUSTRIES LIMITED
PTCIL,PTC INDUSTRIES LIMITED
SCHNEIDER,SCHNEIDER ELECTRIC INFRASTRUCTURE LIMITED
IIFL,IIFL FINANCE LIMITED
RELAXO,RELAXO FOOTWEARS LIMITED
HFCL,HFCL LIMITED
BLUEDART,BLUE DART EXPRESS LIMITED
CHALET,CHALET HOTELS LIMITED
CELLO,CELLO WORLD LIMITED
AFCONS,AFCONS INFRASTRUCTURE LIMITED
AADHARHFC,AADHAR HOUSING FINANCE LIMITED
WELCORP,WELSPUN CORP LIMITED
TBOTEK,TBO TEK LIMITED
BATAINDIA,BATA INDIA LIMITED
RRKABEL,R R KABEL LIMITED
TRIDENT,TRIDENT LIMITED
SAGILITY,SAGILITY INDIA LIMITED
JYOTHYLAB,JYOTHY LABS LIMITED
FINPIPE,FINOLEX INDUSTRIES LIMITED
TITAGARH,TITAGARH RAIL SYSTEMS LIMITED
TECHNOE,TECHNO ELECTRIC & ENGINEERING COMPANY LIMITED
SONATSOFTW,SONATA SOFTWARE LIMITED
CREDITACC,CREDITACCESS GRAMEEN LIMITED
KFINTECH,KFIN TECHNOLOGIES LIMITED
GESHIP,THE GREAT EASTERN SHIPPING COMPANY LIMITED
ERIS,ERIS LIFESCIENCES LIMITED
AMBER,AMBER ENTERPRISES INDIA LIMITED
KARURVYSYA,KARUR VYSYA BANK LIMITED
CENTURYPLY,CENTURY PLYBOARDS (INDIA) LIMITED
KIRLOSENG,KIRLOSKAR OIL ENGINES LIMITED
JAIBALAJI,JAI BALAJI INDUSTRIES LIMITED
IFCI,IFCI LIMITED
ASTRAZEN,ASTRAZENECA PHARMA INDIA LIMITED
LMW,LMW LIMITED
BBTC,BOMBAY BURMAH TRADING CORPORATION LIMITED
BEML,BEML LIMITED
BSOFT,BIRLASOFT LIMITED
RKFORGE,RAMKRISHNA FORGINGS LIMITED
DCMSHRIRAM,DCM SHRIRAM LIMITED
NAVINFLUOR,NAVIN FLUORINE INTERNATIONAL LIMITED
WOCKPHARMA,WOCKHARDT LIMITED
ASAHIINDIA,ASAHI INDIA GLASS LIMITED
CGCL,CAPRI GLOBAL CAPITAL LIMITED
ZENSARTECH,ZENSAR TECHNOLOGIES LIMITED
IEX,INDIAN ENERGY EXCHANGE LIMITED
HBLENGINE,HBL ENGINEERING LIMITED
NEWGEN,NEWGEN SOFTWARE TECHNOLOGIES LIMITED
VENTIVE,VENTIVE HOSPITALITY LIMITED
APTUS,APTUS VALUE HOUSING FINANCE INDIA LIMITED
SOBHA,SOBHA LIMITED
ANANDRATHI,ANAND RATHI WEALTH LIMITED
BLS,BLS INTERNATIONAL SERVICES LIMITED
JUBLPHARMA,JUBILANT PHARMOVA LIMITED
WELSPUNLIV,WELSPUN LIVING LIMITED
NEULANDLAB,NEULAND LABORATORIES LIMITED
INDIAMART,INDIAMART INTERMESH LIMITED
PCBL,PCBL LIMITED
ACE,ACTION CONSTRUCTION EQUIPMENT LIMITED
AKZOINDIA,AKZO NOBEL INDIA LIMITED
MGL,MAHANAGAR GAS LIMITED
KIRLOSBROS,KIRLOSKAR BROTHERS LIMITED
DOMS,DOMS INDUSTRIES LIMITED
PGEL,PG ELECTROPLAST LIMITED
CLEAN,CLEAN SCIENCE AND TECHNOLOGY LIMITED
FINEORG,FINE ORGANIC INDUSTRIES LIMITED
GRINFRA,G R INFRAPROJECTS LIMITED
ZENTEC,ZEN TECHNOLOGIES LIMITED
ACMESOLAR,ACME SOLAR HOLDINGS LIMITED
RITES,RITES LIMITED
REDINGTON,REDINGTON LIMITED
SAILIFE,SAI LIFE SCIENCES LIMITED
KSB,KSB LIMITED
SANOFI,SANOFI INDIA LIMITED
SPLPETRO,SUPREME PETROCHEM LIMITED
DATAPATTNS,DATA PATTERNS (INDIA) LIMITED
NSLNISP,NMDC STEEL LIMITED
INDGN,INDEGENE LIMITED
GODREJAGRO,GODREJ AGROVET LIMITED
RPOWER,RELIANCE POWER LIMITED
NIVABUPA,NIVA BUPA HEALTH INSURANCE COMPANY LIMITED
NETWEB,NETWEB TECHNOLOGIES INDIA LIMITED
EIDPARRY,EID PARRY INDIA LIMITED
CAPLIPOINT,CAPLIN POINT LABORATORIES LIMITED
GRAVITA,GRAVITA INDIA LIMITED
RAILTEL,RAILTEL CORPORATION OF INDIA LIMITED
VTL,VARDHMAN TEXTILES LIMITED
ALIVUS,ALIVUS LIFE SCIENCES LTD
ECLERX,ECLERX SERVICES LIMITED
GRANULES,GRANULES INDIA LIMITED
SWSOLAR,STERLING AND WILSON RENEWABLE ENERGY LIMITED
RAINBOW,RAINBOW CHILDRENS MEDICARE LIMITED
NAVA,NAVA LIMITED
ELECON,ELECON ENGINEERING COMPANY LIMITED
GPIL,GODAWARI POWER AND ISPAT LIMITED
SARDAEN,SARDA ENERGY & MINERALS LIMITED
PRAJIND,PRAJ INDUSTRIES LIMITED
AAVAS,AAVAS FINANCIERS LIMITED
DEEPAKFERT,DEEPAK FERTILIZERS AND PETROCHEMICALS CORPORATION LIMITED
INGERRAND,INGERSOLL RAND (INDIA) LIMITED
RAYMONDLSL,RAYMOND LIFESTYLE LIMITED
OLECTRA,OLECTRA GREENTECH LIMITED
ZYDUSWELL,ZYDUS WELLNESS LIMITED
HONASA,HONASA CONSUMER LIMITED
CRAFTSMAN,CRAFTSMAN AUTOMATION LIMITED
IWEL,INOX WIND ENERGY LIMITED
ZEEL,ZEE ENTERTAINMENT ENTERPRISES LIMITED
WESTLIFE,WESTLIFE FOODWORLD LIMITED
ATHERENERG,ATHER ENERGY LIMITED
LTFOODS,LT FOODS LIMITED
JPPOWER,JAIPRAKASH POWER VENTURES LIMITED
MINDACORP,MINDA CORPORATION LIMITED
CUB,CITY UNION BANK LIMITED
INTELLECT,INTELLECT DESIGN ARENA LIMITED
NUVOCO,NUVOCO VISTAS CORPORATION LIMITED
CHENNPETRO,CHENNAI PETROLEUM CORPORATION LIMITED
AKUMS,AKUMS DRUGS AND PHARMACEUTICALS LIMITED
VOLTAMP,VOLTAMP TRANSFORMERS LIMITED
TARIL,TRANSFORMERS AND RECTIFIERS (INDIA) LIMITED
TTKPRESTIG,TTK PRESTIGE LIMITED
GENUSPOWER,GENUS POWER INFRASTRUCTURES LIMITED
RBLBANK,RBL BANK LIMITED
ENGINERSIN,ENGINEERS INDIA LIMITED
RHIM,RHI MAGNESITA INDIA LIMITED
MARKSANS,MARKSANS PHARMA LIMITED
HAPPSTMNDS,HAPPIEST MINDS TECHNOLOGIES LIMITED
TEGA,TEGA INDUSTRIES LIMITED
AETHER,AETHER INDUSTRIES LIMITED
JMFINANCIL,JM FINANCIAL LIMITED
SAFARI,SAFARI INDUSTRIES (INDIA) LIMITED
CEATLTD,CEAT LIMITED
SCI,SHIPPING CORPORATION OF INDIA LIMITED
GMDCLTD,GUJARAT MINERAL DEVELOPMENT CORPORATION LIMITED
J&KBANK,THE JAMMU & KASHMIR BANK LIMITED
USHAMART,USHA MARTIN LIMITED
TANLA,TANLA PLATFORMS LIMITED
STAR,STRIDES PHARMA SCIENCE LIMITED
ELECTCAST,ELECTROSTEEL CASTINGS LIMITED
SANOFICONR,SANOFI CONSUMER HEALTHCARE INDIA LIMITED
CANFINHOME,CAN FIN HOMES LIMITED
BALRAMCHIN,BALRAMPUR CHINI MILLS LIMITED
JUBLINGREA,JUBILANT INGREVIA LIMITED
EUREKAFORB,EUREKA FORBES LIMITED
MAPMYINDIA,C.E. INFO SYSTEMS LIMITED
INDIACEM,THE INDIA CEMENTS LIMITED
KPIGREEN,KPI GREEN ENERGY LIMITED
REDTAPE,REDTAPE LIMITED
HAPPYFORGE,HAPPY FORGINGS LIMITED
METROPOLIS,METROPOLIS HEALTHCARE LIMITED
JKTYRE,JK TYRE & INDUSTRIES LIMITED
INOXINDIA,INOX INDIA LIMITED
CERA,CERA SANITARYWARE LIMITED
ALKYLAMINE,ALKYL AMINES CHEMICALS LIMITED
VESUVIUS,VESUVIUS INDIA LIMITED
QUESS,QUESS CORP LIMITED
PRUDENT,PRUDENT CORPORATE ADVISORY SERVICES LIMITED
BAJAJELEC,BAJAJ ELECTRICALS LIMITED
GRAPHITE,GRAPHITE INDIA LIMITED
PNCINFRA,PNC INFRATECH LIMITED
LEMONTREE,LEMON TREE HOTELS LIMITED
SAPPHIRE,SAPPHIRE FOODS INDIA LIMITED
NETWORK18,NETWORK18 MEDIA & INVESTMENTS LIMITED
ISGEC,ISGEC HEAVY ENGINEERING LIMITED
GALAXYSURF,GALAXY SURFACTANTS LIMITED
RCF,RASHTRIYA CHEMICALS AND FERTILIZERS LIMITED
RTNINDIA,RATTANINDIA ENTERPRISES LIMITED
SYMPHONY,SYMPHONY LIMITED
PURVA,PURAVANKARA LIMITED
GPPL,GUJARAT PIPAVAV PORT LIMITED
BIRLACORPN,BIRLA CORPORATION LIMITED
SAREGAMA,SAREGAMA INDIA LIMITED
DBREALTY,VALOR ESTATE LIMITED
BECTORFOOD,MRS. BECTORS FOOD SPECIALITIES LIMITED
ARVIND,ARVIND LIMITED
THOMASCOOK,THOMAS COOK  (INDIA)  LIMITED
SFL,SHEELA FOAM LIMITED
RELINFRA,RELIANCE INFRASTRUCTURE LIMITED
LATENTVIEW,LATENT VIEW ANALYTICS LIMITED
EDELWEISS,EDELWEISS FINANCIAL SERVICES LIMITED
HOMEFIRST,HOME FIRST FINANCE COMPANY INDIA LIMITED
PNGJL,P N GADGIL JEWELLERS LIMITED
FORCEMOT,FORCE MOTORS LIMITED
JUSTDIAL,JUST DIAL LIMITED
ROUTE,ROUTE MOBILE LIMITED
HGINFRA,H.G. INFRA ENGINEERING LIMITED
IONEXCHANG,ION EXCHANGE (INDIA) LIMITED
RENUKA,SHREE RENUKA SUGARS LIMITED
VIJAYA,VIJAYA DIAGNOSTIC CENTRE LIMITED
SAMMAANCAP,SAMMAAN CAPITAL LIMITED
JKLAKSHMI,JK LAKSHMI CEMENT LIMITED
AZAD,AZAD ENGINEERING LIMITED
ESABINDIA,ESAB INDIA LIMITED
GNFC,GUJARAT NARMADA VALLEY FERTILIZERS AND CHEMICALS LIMITED
TIPSMUSIC,TIPS MUSIC LIMITED
WABAG,VA TECH WABAG LIMITED
TRIVENI,TRIVENI ENGINEERING & INDUSTRIES LIMITED
KNRCON,KNR CONSTRUCTIONS LIMITED
IIFLCAPS,IIFL CAPITAL SERVICES LIMITED
ABDL,ALLIED BLENDERS AND DISTILLERS LIMITED
POWERMECH,POWER MECH PROJECTS LIMITED
CHOICEIN,CHOICE INTERNATIONAL LIMITED
AURIONPRO,AURIONPRO SOLUTIONS LIMITED
CCL,CCL PRODUCTS (INDIA) LIMITED
SHAKTIPUMP,SHAKTI PUMPS (INDIA) LIMITED
SBFC,SBFC FINANCE LIMITED
PRSMJOHNSN,PRISM JOHNSON LIMITED
JLHL,JUPITER LIFE LINE HOSPITALS LIMITED
TEXRAIL,TEXMACO RAIL & ENGINEERING LIMITED
CAMPUS,CAMPUS ACTIVEWEAR LIMITED
ITDCEM,ITD CEMENTATION INDIA LIMITED
SHRIPISTON,SHRIRAM PISTONS & RINGS LIMITED
TIMETECHNO,TIME TECHNOPLAST LIMITED
SENCO,SENCO GOLD LIMITED
MASTEK,MASTEK LIMITED
LLOYDSENGG,LLOYDS ENGINEERING WORKS LIMITED
BBOX,BLACK BOX LIMITED
RATEGAIN,RATEGAIN TRAVEL TECHNOLOGIES LIMITED
GSFC,GUJARAT STATE FERTILIZERS & CHEMICALS LIMITED
CMSINFO,CMS INFO SYSTEMS LIMITED
RUSTOMJEE,KEYSTONE REALTORS LIMITED
MAXESTATES,MAX ESTATES LIMITED
VARROC,VARROC ENGINEERING LIMITED
PGHL,PROCTER & GAMBLE HEALTH LIMITED
MAHSEAMLES,MAHARASHTRA SEAMLESS LIMITED
HEG,HEG LIMITED
RELIGARE,RELIGARE ENTERPRISES LIMITED
AVANTIFEED,AVANTI FEEDS LIMITED
ACI,ARCHEAN CHEMICAL INDUSTRIES LIMITED
EQUITASBNK,EQUITAS SMALL FINANCE BANK LIMITED
SYRMA,SYRMA SGS TECHNOLOGY LIMITED
STARCEMENT,STAR CEMENT LIMITED
BLUEJET,BLUE JET HEALTHCARE LIMITED
ASKAUTOLTD,ASK AUTOMOTIVE LIMITED
GRWRHITECH,GARWARE HI-TECH FILMS LIMITED
SANSERA,SANSERA ENGINEERING LIMITED
FDC,FDC LIMITED
JUNIPER,JUNIPER HOTELS LIMITED
MEDPLUS,MEDPLUS HEALTH SERVICES LIMITED
GALLANTT,GALLANTT ISPAT LIMITED
KTKBANK,THE KARNATAKA BANK LIMITED
MAHLIFE,MAHINDRA LIFESPACE DEVELOPERS LIMITED
TCI,TRANSPORT CORPORATION OF INDIA LIMITED
TVSSCS,TVS SUPPLY CHAIN SOLUTIONS LIMITED
GANESHHOUC,GANESH HOUSING CORPORATION LIMITED
ANURAS,ANUPAM RASAYAN INDIA LIMITED
GMRP&UI,GMR POWER AND URBAN INFRA LIMITED
SUNTECK,SUNTECK REALTY LIMITED
EMBDL,EQUINOX INDIA DEVELOPMENTS LIMITED
RTNPOWER,RATTANINDIA POWER LIMITED
MHRIL,MAHINDRA HOLIDAYS & RESORTS INDIA LIMITED
RAJESHEXPO,RAJESH EXPORTS LIMITED
GARFIBRES,GARWARE TECHNICAL FIBRES LIMITED
EPIGRAL,EPIGRAL LIMITED
JKPAPER,JK PAPER LIMITED
SHOPERSTOP,SHOPPERS STOP LIMITED
INFIBEAM,INFIBEAM AVENUES LIMITED
EPL,EPL LIMITED
MOIL,MOIL LIMITED
ASTRAMICRO,ASTRA MICROWAVE PRODUCTS LIMITED
CHEMPLASTS,CHEMPLAST SANMAR LIMITED
SANDUMA,SANDUR MANGANESE & IRON ORES LIMITED
AHLUCONT,AHLUWALIA CONTRACTS (INDIA) LIMITED
EMIL,ELECTRONICS MART INDIA LIMITED
DIACABS,DIAMOND POWER INFRASTRUCTURE LIMITED
UJJIVANSFB,UJJIVAN SMALL FINANCE BANK LIMITED
SHILPAMED,SHILPA MEDICARE LIMITED
INDIASHLTR,INDIA SHELTER FINANCE CORPORATION LIMITED
PARADEEP,PARADEEP PHOSPHATES LIMITED
ETHOSLTD,ETHOS LIMITED
ICIL,INDO COUNT INDUSTRIES LIMITED
VMART,V-MART RETAIL LIMITED
LXCHEM,LAXMI ORGANIC INDUSTRIES LIMITED
WELENT,WELSPUN ENTERPRISES LIMITED
HCC,HINDUSTAN CONSTRUCTION COMPANY LIMITED
DBL,DILIP BUILDCON LIMITED
MIDHANI,MISHRA DHATU NIGAM LIMITED
PDSL,PDS LIMITED
MANINFRA,MAN INFRACONSTRUCTION LIMITED
IFBIND,IFB INDUSTRIES LIMITED
TRANSRAILL,TRANSRAIL LIGHTING LIMITED
DHANUKA,DHANUKA AGRITECH LIMITED
TMB,TAMILNAD MERCANTILE BANK LIMITED
ORCHPHARMA,ORCHID PHARMA LIMITED
NAZARA,NAZARA TECHNOLOGIES LIMITED
RESPONIND,RESPONSIVE INDUSTRIES LIMITED
EMUDHRA,EMUDHRA LIMITED
ARVINDFASN,ARVIND FASHIONS LIMITED
DODLA,DODLA DAIRY LIMITED
SUNDARMHLD,SUNDARAM FINANCE HOLDINGS LIMITED
BALUFORGE,BALU FORGE INDUSTRIES LIMITED
TIIL,TECHNOCRAFT INDUSTRIES (INDIA) LIMITED
INDIGOPNTS,INDIGO PAINTS LIMITED
AJAXENGG,AJAX ENGINEERING LIMITED
SUPRAJIT,SUPRAJIT ENGINEERING LIMITED
BALAMINES,BALAJI AMINES LIMITED
GREENLAM,GREENLAM INDUSTRIES LIMITED
JINDWORLD,JINDAL WORLDWIDE LIMITED
SUDARSCHEM,SUDARSHAN CHEMICAL INDUSTRIES LIMITED
UNIMECH,UNIMECH AEROSPACE AND MANUFACTURING LIMITED
GABRIEL,GABRIEL INDIA LIMITED
ASHOKA,ASHOKA BUILDCON LIMITED
VIPIND,VIP INDUSTRIES LIMITED
SURYAROSNI,SURYA ROSHNI LIMITED
BLACKBUCK,ZINKA LOGISTICS SOLUTIONS LIMITED
KRBL,KRBL LIMITED
GOKEX,GOKALDAS EXPORTS LIMITED
SHARDAMOTR,SHARDA MOTOR INDUSTRIES LIMITED
ACUTAAS,ACUTAAS CHEMICALS LIMITED
NESCO,NESCO LIMITED
HNDFDS,HINDUSTAN FOODS LIMITED
ORIENTCEM,ORIENT CEMENT LIMITED
SOUTHBANK,THE SOUTH INDIAN BANK LIMITED
BORORENEW,BOROSIL RENEWABLES LIMITED
TDPOWERSYS,TD POWER SYSTEMS LIMITED
EASEMYTRIP,EASY TRIP PLANNERS LIMITED
NIITMTS,NIIT LEARNING SYSTEMS LIMITED
BANSALWIRE,BANSAL WIRE INDUSTRIES LIMITED
RALLIS,RALLIS INDIA LIMITED
PRIVISCL,PRIVI SPECIALITY CHEMICALS LIMITED
CEIGALL,CEIGALL INDIA LIMITED
JAICORPLTD,JAI CORP LIMITED
VSTIND,VST INDUSTRIES LIMITED
NFL,NATIONAL FERTILIZERS LIMITED
STLTECH,STERLITE TECHNOLOGIES LIMITED
ICRA,ICRA LIMITED
ROLEXRINGS,ROLEX RINGS LIMITED
AVL,ADITYA VISION LIMITED
GOCOLORS,GO FASHION (INDIA) LIMITED
GULFOILLUB,GULF OIL LUBRICANTS INDIA LIMITED
LUXIND,LUX INDUSTRIES LIMITED
PCJEWELLER,PC JEWELLER LIMITED
GMMPFAUDLR,GMM PFAUDLER LIMITED
GAEL,GUJARAT AMBUJA EXPORTS LIMITED
SHAREINDIA,SHARE INDIA SECURITIES LIMITED
IXIGO,LE TRAVENUES TECHNOLOGY LIMITED
AGI,AGI GREENPAC LIMITED
LLOYDSENT,LLOYDS ENTERPRISES LIMITED
PRINCEPIPE,PRINCE PIPES AND FITTINGS LIMITED
PRICOLLTD,PRICOL LIMITED
GHCL,GHCL LIMITED
ALLCARGO,ALLCARGO LOGISTICS LIMITED
JKIL,J.KUMAR INFRAPROJECTS LIMITED
ITDC,INDIA TOURISM DEVELOPMENT CORPORATION LIMITED
TI,TILAKNAGAR INDUSTRIES LIMITED
HCG,HEALTHCARE GLOBAL ENTERPRISES LIMITED
DBCORP,D.B.CORP LIMITED
SIS,SIS LIMITED
GUJALKALI,GUJARAT ALKALIES AND CHEMICALS LIMITED
RSYSTEMS,R SYSTEMS INTERNATIONAL LIMITED
PTC,PTC INDIA LIMITED
ENTERO,ENTERO HEALTHCARE SOLUTIONS LIMITED
SHARDACROP,SHARDA CROPCHEM LIMITED
INOXGREEN,INOX GREEN ENERGY SERVICES LIMITED
AARTIPHARM,AARTI PHARMALABS LIMITED
RAIN,RAIN INDUSTRIES LIMITED
CSBBANK,CSB BANK LIMITED
CYIENTDLM,CYIENT DLM LIMITED
THANGAMAYL,THANGAMAYIL JEWELLERY LIMITED
BANCOINDIA,BANCO PRODUCTS (I) LIMITED
JSFB,JANA SMALL FINANCE BANK LIMITED
JCHAC,JOHNSON CONTROLS - HITACHI AIR CONDITIONING INDIA LIMITED
MTARTECH,MTAR TECHNOLOGIES LIMITED
ORIENTELEC,ORIENT ELECTRIC LIMITED
MANORAMA,MANORAMA INDUSTRIES LIMITED
MSTCLTD,MSTC LIMITED
PAISALO,PAISALO DIGITAL LIMITED
KIRLOSIND,KIRLOSKAR INDUSTRIES LIMITED
OPTIEMUS,OPTIEMUS INFRACOM LIMITED
ANUP,THE ANUP ENGINEERING LIMITED
EIEL,ENVIRO INFRA ENGINEERS LIMITED
BBL,BHARAT BIJLEE LIMITED
DYNAMATECH,DYNAMATIC TECHNOLOGIES LIMITED
MASFIN,MAS FINANCIAL SERVICES LIMITED
HEIDELBERG,HEIDELBERGCEMENT INDIA LIMITED
ZAGGLE,ZAGGLE PREPAID OCEAN SERVICES LIMITED
HERITGFOOD,HERITAGE FOODS LIMITED
VAIBHAVGBL,VAIBHAV GLOBAL LIMITED
KSCL,KAVERI SEED COMPANY LIMITED
TEAMLEASE,TEAMLEASE SERVICES LIMITED
CARTRADE,CARTRADE TECH LIMITED
NEOGEN,NEOGEN CHEMICALS LIMITED
SKIPPER,SKIPPER LIMITED
GANECOS,GANESHA ECOSPHERE LIMITED
VRLLOG,VRL LOGISTICS LIMITED
AWFIS,AWFIS SPACE SOLUTIONS LIMITED
BOROLTD,BOROSIL LIMITED
GOPAL,GOPAL SNACKS LIMITED
UTKARSHBNK,UTKARSH SMALL FINANCE BANK LIMITED
REFEX,REFEX INDUSTRIES LIMITED
E2E,E2E NETWORKS LIMITED
WONDERLA,WONDERLA HOLIDAYS LIMITED
ADVENZYMES,ADVANCED ENZYME TECHNOLOGIES LIMITED
BHARATRAS,BHARAT RASAYAN LIMITED
SHAILY,SHAILY ENGINEERING PLASTICS LIMITED
BAJAJHIND,BAJAJ HINDUSTHAN SUGAR LIMITED
UNICHEMLAB,UNICHEM LABORATORIES LIMITED
ORISSAMINE,THE ORISSA MINERALS DEVELOPMENT COMPANY LIMITED
PATELENG,PATEL ENGINEERING LIMITED
YATHARTH,YATHARTH HOSPITAL & TRAUMA CARE SERVICES LIMITED
HARSHA,HARSHA ENGINEERS INTERNATIONAL LIMITED
NOCIL,NOCIL LIMITED
GATEWAY,GATEWAY DISTRIPARKS LIMITED
ROSSARI,ROSSARI BIOTECH LIMITED
JAMNAAUTO,JAMNA AUTO INDUSTRIES LIMITED
SUPRIYA,SUPRIYA LIFESCIENCE LIMITED
AARTIDRUGS,AARTI DRUGS LIMITED
WEBELSOLAR,WEBSOL ENERGY SYSTEM LIMITED
JISLJALEQS,JAIN IRRIGATION SYSTEMS LIMITED
THYROCARE,THYROCARE TECHNOLOGIES LIMITED
PITTIENG,PITTI ENGINEERING LIMITED
PGIL,PEARL GLOBAL INDUSTRIES LIMITED
RAMKY,RAMKY INFRASTRUCTURE LIMITED
JTEKTINDIA,JTEKT INDIA LIMITED
STYRENIX,STYRENIX PERFORMANCE MATERIALS LIMITED
HIKAL,HIKAL LIMITED
UFLEX,UFLEX LIMITED
PARAS,PARAS DEFENCE AND SPACE TECHNOLOGIES LIMITED
GREENPANEL,GREENPANEL INDUSTRIES LIMITED
SHANTIGEAR,SHANTHI GEARS LIMITED
SUBROS,SUBROS LIMITED
BOMDYEING,BOMBAY DYEING & MFG COMPANY LIMITED
EMSLIMITED,EMS LIMITED
INNOVACAP,INNOVA CAPTAB LIMITED
MOBIKWIK,ONE MOBIKWIK SYSTEMS LIMITED
SUNCLAY,SUNDARAM CLAYTON LIMITED
JAYNECOIND,JAYASWAL NECO INDUSTRIES LIMITED
GREENPLY,GREENPLY INDUSTRIES LIMITED
BALMLAWRIE,BALMER LAWRIE & COMPANY LIMITED
IMAGICAA,IMAGICAAWORLD ENTERTAINMENT LIMITED
SEQUENT,SEQUENT SCIENTIFIC LIMITED
BANARISUG,BANNARI AMMAN SUGARS LIMITED
SAMHI,SAMHI HOTELS LIMITED
FEDFINA,FEDBANK FINANCIAL SERVICES LIMITED
BHAGCHEM,BHAGIRADHA CHEMICALS & INDUSTRIES LIMITED
EXICOM,EXICOM TELE-SYSTEMS LIMITED
GREAVESCOT,GREAVES COTTON LIMITED
AVALON,AVALON TECHNOLOGIES LIMITED
LGBBROSLTD,LG BALAKRISHNAN & BROS LIMITED
MEDIASSIST,MEDI ASSIST HEALTHCARE SERVICES LIMITED
AVANTEL,AVANTEL LIMITED
SKYGOLD,SKY GOLD LIMITED
SUNFLAG,SUNFLAG IRON AND STEEL COMPANY LIMITED
FCL,FINEOTEX CHEMICAL LIMITED
MOREPENLAB,MOREPEN LABORATORIES LIMITED
NORTHARC,NORTHERN ARC CAPITAL LIMITED
VENUSPIPES,VENUS PIPES & TUBES LIMITED
V2RETAIL,V2 RETAIL LIMITED
GUFICBIO,GUFIC BIOSCIENCES LIMITED
JTLIND,JTL INDUSTRIES LIMITED
FIEMIND,FIEM INDUSTRIES LIMITED
CIGNITITEC,CIGNITI TECHNOLOGIES LIMITED
WSTCSTPAPR,WEST COAST PAPER MILLS LIMITED
IMFA,INDIAN METALS & FERRO ALLOYS LIMITED
TCIEXP,TCI EXPRESS LIMITED
KKCL,KEWAL KIRAN CLOTHING LIMITED
KPEL,K.P. ENERGY LIMITED
GOKULAGRO,GOKUL AGRO RESOURCES LIMITED
KRN,KRN HEAT EXCHANGER AND REFRIGERATION LIMITED
SOTL,SAVITA OIL TECHNOLOGIES LIMITED
SULA,SULA VINEYARDS LIMITED
JNKINDIA,JNK INDIA LIMITED
DCBBANK,DCB BANK LIMITED
DCXINDIA,DCX SYSTEMS LIMITED
VSTTILLERS,V.S.T TILLERS TRACTORS LIMITED
INDIAGLYCO,INDIA GLYCOLS LIMITED
KSL,KALYANI STEELS LIMITED
KDDL,KDDL LIMITED
VEEDOL,VEEDOL CORPORATION LIMITED
SEPC,SEPC LIMITED
ARTEMISMED,ARTEMIS MEDICARE SERVICES LIMITED
LUMAXTECH,LUMAX AUTO TECHNOLOGIES LIMITED
POLYPLEX,POLYPLEX CORPORATION LIMITED
SWARAJENG,SWARAJ ENGINES LIMITED
HONDAPOWER,HONDA INDIA POWER PRODUCTS LIMITED
KINGFA,KINGFA SCIENCE & TECHNOLOGY (INDIA) LIMITED
LAOPALA,LA OPALA RG LIMITED
ARVSMART,ARVIND SMARTSPACES LIMITED
PARKHOTELS,APEEJAY SURRENDRA PARK HOTELS LIMITED
HGS,HINDUJA GLOBAL SOLUTIONS LIMITED
STYLAMIND,STYLAM INDUSTRIES LIMITED
HMT,HMT LIMITED
MPSLTD,MPS LIMITED
INDRAMEDCO,INDRAPRASTHA MEDICAL CORPORATION LIMITED
RPGLIFE,RPG LIFE SCIENCES LIMITED
SANGHVIMOV,SANGHVI MOVERS LIMITED
CARRARO,CARRARO INDIA LIMITED
BEPL,BHANSALI ENGINEERING POLYMERS LIMITED
JINDALPOLY,JINDAL POLY FILMS LIMITED
DATAMATICS,DATAMATICS GLOBAL SERVICES LIMITED
HPL,HPL ELECTRIC & POWER LIMITED
DALMIASUG,DALMIA BHARAT SUGAR AND INDUSTRIES LIMITED
ALEMBICLTD,ALEMBIC LIMITED
HATHWAY,HATHWAY CABLE & DATACOM LIMITED
CARERATING,CARE RATINGS LIMITED
SHK,S H KELKAR AND COMPANY LIMITED
SBCL,SHIVALIK BIMETAL CONTROLS LIMITED
SEAMECLTD,SEAMEC LIMITED
INDOSTAR,INDOSTAR CAPITAL FINANCE LIMITED
SERVOTECH,SERVOTECH POWER SYSTEMS LIMITED
ASHIANA,ASHIANA HOUSING LIMITED
SANDHAR,SANDHAR TECHNOLOGIES LIMITED
GIPCL,GUJARAT INDUSTRIES POWER COMPANY LIMITED
DPABHUSHAN,D. P. ABHUSHAN LIMITED
EPACK,EPACK DURABLE LIMITED
BAJAJCON,BAJAJ CONSUMER CARE LIMITED
SSWL,STEEL STRIPS WHEELS LIMITED
QUICKHEAL,QUICK HEAL TECHNOLOGIES LIMITED
SGLTL,STANDARD GLASS LINING TECHNOLOGY LIMITED
NUCLEUS,NUCLEUS SOFTWARE EXPORTS LIMITED
DELTACORP,DELTA CORP LIMITED
NAVNETEDUL,NAVNEET EDUCATION LIMITED
TIRUMALCHM,THIRUMALAI CHEMICALS LIMITED
BFUTILITIE,BF UTILITIES LIMITED
MAHLOG,MAHINDRA LOGISTICS LIMITED
GOLDIAM,GOLDIAM INTERNATIONAL LIMITED
VPRPL,VISHNU PRAKASH R PUNGLIA LIMITED
MARINE,MARINE ELECTRICALS (INDIA) LIMITED
PRAKASH,PRAKASH INDUSTRIES LIMITED
GEOJITFSL,GEOJIT FINANCIAL SERVICES LIMITED
GOODLUCK,GOODLUCK INDIA LIMITED
MAITHANALL,MAITHAN ALLOYS LIMITED
KITEX,KITEX GARMENTS LIMITED
SJS,S.J.S. ENTERPRISES LIMITED
PRECWIRE,PRECISION WIRES INDIA LIMITED
DCAL,DISHMAN CARBOGEN AMCIS LIMITED
FLAIR,FLAIR WRITING INDUSTRIES LIMITED
SANATHAN,SANATHAN TEXTILES LIMITED
TVSSRICHAK,TVS SRICHAKRA LIMITED
PFS,PTC INDIA FINANCIAL SERVICES LIMITED
SAKSOFT,SAKSOFT LIMITED
APOLLO,APOLLO MICRO SYSTEMS LIMITED
CAPACITE,CAPACITE INFRAPROJECTS LIMITED
REPCOHOME,REPCO HOME FINANCE LIMITED
MARATHON,MARATHON NEXTGEN REALTY LIMITED
INDOCO,INDOCO REMEDIES LIMITED
BAJEL,BAJEL PROJECTS LIMITED
KCP,KCP LIMITED
SURAJEST,SURAJ ESTATE DEVELOPERS LIMITED
ASHAPURMIN,ASHAPURA MINECHEM LIMITED
WENDT,WENDT (INDIA) LIMITED
GENESYS,GENESYS INTERNATIONAL CORPORATION LIMITED
JASH,JASH ENGINEERING LIMITED
POKARNA,POKARNA LIMITED
ADFFOODS,ADF FOODS LIMITED
EVEREADY,EVEREADY INDUSTRIES INDIA LIMITED
SALASAR,SALASAR TECHNO ENGINEERING LIMITED
FINOPB,FINO PAYMENTS BANK LIMITED
SAGCEM,SAGAR CEMENTS LIMITED
TASTYBITE,TASTY BITE EATABLES LIMITED
RPEL,RAGHAV PRODUCTIVITY ENHANCERS LIMITED
HINDOILEXP,HINDUSTAN OIL EXPLORATION COMPANY LIMITED
KOLTEPATIL,KOLTE - PATIL DEVELOPERS LIMITED
PREMEXPLN,PREMIER EXPLOSIVES LIMITED
SPECTRUM,SPECTRUM ELECTRICAL INDUSTRIES LIMITED
NRBBEARING,NRB BEARING LIMITED
DOLLAR,DOLLAR INDUSTRIES LIMITED
ORIENTHOT,ORIENTAL HOTELS LIMITED
SOMANYCERA,SOMANY CERAMICS LIMITED
IDEAFORGE,IDEAFORGE TECHNOLOGY LIMITED
FOSECOIND,FOSECO INDIA LIMITED
VADILALIND,VADILAL INDUSTRIES LIMITED
AJMERA,AJMERA REALTY & INFRA INDIA LIMITED
HITECH,HI-TECH PIPES LIMITED
AUTOAXLES,AUTOMOTIVE AXLES LIMITED
GLOBUSSPR,GLOBUS SPIRITS LIMITED
GEPIL,GE POWER INDIA LIMITED
TCPLPACK,TCPL PACKAGING LIMITED
NILKAMAL,NILKAMAL LIMITED
ARKADE,ARKADE DEVELOPERS LIMITED
RAJRATAN,RAJRATAN GLOBAL WIRE LIMITED
DREDGECORP,DREDGING CORPORATION OF INDIA LIMITED
STANLEY,STANLEY LIFESTYLES LIMITED
VISHNU,VISHNU CHEMICALS LIMITED
THEJO,THEJO ENGINEERING LIMITED
SHALBY,SHALBY LIMITED
DEEPINDS,DEEP INDUSTRIES LIMITED
VENKEYS,VENKY'S (INDIA) LIMITED
HLEGLAS,HLE GLASCOAT LIMITED
DAMCAPITAL,DAM CAPITAL ADVISORS LIMITED
VINDHYATEL,VINDHYA TELELINKS LIMITED
FILATEX,FILATEX INDIA LIMITED
SIYSIL,SIYARAM SILK MILLS LIMITED
MONARCH,MONARCH NETWORTH CAPITAL LIMITED
MAYURUNIQ,MAYUR UNIQUOTERS LIMITED
MMFL,MM FORGINGS LIMITED
HUHTAMAKI,HUHTAMAKI INDIA LIMITED
QPOWER,QUALITY POWER ELECTRICAL EQUIPMENTS LIMITED
SMLISUZU,SML ISUZU LIMITED
VAKRANGEE,VAKRANGEE LIMITED
SASKEN,SASKEN TECHNOLOGIES LIMITED
KALAMANDIR,SAI SILKS (KALAMANDIR) LIMITED
RPTECH,RASHI PERIPHERALS LIMITED
HINDWAREAP,HINDWARE HOME INNOVATION LIMITED
PSPPROJECT,PSP PROJECTS LIMITED
KRSNAA,KRSNAA DIAGNOSTICS LIMITED
CONFIPET,CONFIDENCE PETROLEUM INDIA LIMITED
XPROINDIA,XPRO INDIA LIMITED
LANDMARK,LANDMARK CARS LIMITED
SENORES,SENORES PHARMACEUTICALS LIMITED
STYLEBAAZA,BAAZAR STYLE RETAIL LIMITED
STOVEKRAFT,STOVE KRAFT LIMITED
SOLARA,SOLARA ACTIVE PHARMA SCIENCES LIMITED
DCW,DCW LIMITED
JYOTISTRUC,JYOTI STRUCTURES LIMITED
ACCELYA,ACCELYA SOLUTIONS INDIA LIMITED
EIHAHOTELS,EIH ASSOCIATED HOTELS LIMITED
PENIND,PENNAR INDUSTRIES LIMITED
SMSPHARMA,SMS PHARMACEUTICALS LIMITED
DOLATALGO,DOLAT ALGOTECH LIMITED
MANGLMCEM,MANGALAM CEMENT LIMITED
PRECAM,PRECISION CAMSHAFTS LIMITED
IOLCP,IOL CHEMICALS AND PHARMACEUTICALS LIMITED
INTERARCH,INTERARCH BUILDING PRODUCTS LIMITED
MOLDTKPAC,MOLD-TEK PACKAGING LIMITED
RAMRAT,RAM RATNA WIRES LIMITED
JUBLCPL,JUBILANT AGRI AND CONSUMER PRODUCTS LIMITED
LUMAXIND,LUMAX INDUSTRIES LIMITED
INDIANHUME,INDIAN HUME PIPE COMPANY LIMITED
MANINDS,MAN INDUSTRIES (INDIA) LIMITED
UDS,UPDATER SERVICES LIMITED
INSECTICID,INSECTICIDES (INDIA) LIMITED
MOL,MEGHMANI ORGANICS LIMITED
THEMISMED,THEMIS MEDICARE LIMITED
DREAMFOLKS,DREAMFOLKS SERVICES LIMITED
PIXTRANS,PIX TRANSMISSIONS LIMITED
ECOSMOBLTY,ECOS (INDIA) MOBILITY & HOSPITALITY LIMITED
PARACABLES,PARAMOUNT COMMUNICATIONS LIMITED
DOLPHIN,DOLPHIN OFFSHORE ENTERPRISES (INDIA) LIMITED
INDOTECH,INDO TECH TRANSFORMERS LIMITED
TARSONS,TARSONS PRODUCTS LIMITED
DEN,DEN NETWORKS LIMITED
KMEW,KNOWLEDGE MARINE & ENGINEERING WORKS LIMITED
HMAAGRO,HMA AGRO INDUSTRIES LIMITED
PANAMAPET,PANAMA PETROCHEM LIMITED
NELCO,NELCO LIMITED
AEROFLEX,AEROFLEX INDUSTRIES LIMITED
MOTISONS,MOTISONS JEWELLERS LIMITED
PARAGMILK,PARAG MILK FOODS LIMITED
FMGOETZE,FEDERAL-MOGUL GOETZE (INDIA) LIMITED.
VIDHIING,VIDHI SPECIALTY FOOD INGREDIENTS LIMITED
IPL,INDIA PESTICIDES LIMITED
NITINSPIN,NITIN SPINNERS LIMITED
APOLLOPIPE,APOLLO PIPES LIMITED
63MOONS,63 MOONS TECHNOLOGIES LIMITED
DIAMONDYD,PRATAAP SNACKS LIMITED
AXISCADES,AXISCADES TECHNOLOGIES LIMITED
UGROCAP,UGRO CAPITAL LIMITED
SANSTAR,SANSTAR LIMITED
ASTEC,ASTEC LIFESCIENCES LIMITED
RUPA,RUPA & COMPANY LIMITED
CUPID,CUPID LIMITED
UNIVCABLES,UNIVERSAL CABLES LIMITED
TATVA,TATVA CHINTAN PHARMA CHEM LIMITED
SPAL,S. P. APPARELS LIMITED
CENTUM,CENTUM ELECTRONICS LIMITED
CARYSIL,CARYSIL LIMITED
BARBEQUE,BARBEQUE NATION HOSPITALITY LIMITED
VSSL,VARDHMAN SPECIAL STEELS LIMITED
GREENPOWER,ORIENT GREEN POWER COMPANY LIMITED
RAMCOIND,RAMCO INDUSTRIES LIMITED
TIL,TIL LIMITED
MUKANDLTD,MUKAND LIMITED
JITFINFRA,JITF INFRALOGISTICS LIMITED
SANGHIIND,SANGHI INDUSTRIES LIMITED
NIITLTD,NIIT LIMITED
TTKHLTCARE,TTK HEALTHCARE LIMITED
IKIO,IKIO LIGHTING LIMITED
POCL,PONDY OXIDES & CHEMICALS LIMITED
PNBGILTS,PNB GILTS LIMITED
KIRIINDUS,KIRI INDUSTRIES LIMITED
DEEDEV,DEE DEVELOPMENT ENGINEERS LIMITED
AMRUTANJAN,AMRUTANJAN HEALTH CARE LIMITED
YASHO,YASHO INDUSTRIES LIMITED
COSMOFIRST,COSMO FIRST LIMITED
APCOTEXIND,APCOTEX INDUSTRIES LIMITED
SDBL,SOM DISTILLERIES & BREWERIES LIMITED
HESTERBIO,HESTER BIOSCIENCES LIMITED
GANDHAR,GANDHAR OIL REFINERY (INDIA) LIMITED
IGARASHI,IGARASHI MOTORS INDIA LIMITED
HUBTOWN,HUBTOWN LIMITED
PLATIND,PLATINUM INDUSTRIES LIMITED
ANDHRAPAP,ANDHRA PAPER LIMITED
CANTABIL,CANTABIL RETAIL INDIA LIMITED
GOCLCORP,GOCL CORPORATION LIMITED
SURAKSHA,SURAKSHA DIAGNOSTIC LIMITED
UNIPARTS,UNIPARTS INDIA LIMITED
BIRLANU,BIRLANU LIMITED
LAXMIDENTL,LAXMI DENTAL LIMITED
SESHAPAPER,SESHASAYEE PAPER AND BOARDS LIMITED
BLKASHYAP,B. L. KASHYAP AND SONS LIMITED
DLINKINDIA,D-LINK (INDIA) LIMITED
SATIN,SATIN CREDITCARE NETWORK LIMITED
IFGLEXPOR,IFGL REFRACTORIES LIMITED
EKC,EVEREST KANTO CYLINDER LIMITED
ALICON,ALICON CASTALLOY LIMITED
SANGAMIND,SANGAM (INDIA) LIMITED
TAJGVK,TAJ GVK HOTELS & RESORTS LIMITED
TALBROAUTO,TALBROS AUTOMOTIVE COMPONENTS LIMITED
UNIECOM,UNICOMMERCE ESOLUTIONS LIMITED
MICEL,MIC ELECTRONICS LIMITED
EXPLEOSOL,EXPLEO SOLUTIONS LIMITED
BLSE,BLS E-SERVICES LIMITED
AWHCL,ANTONY WASTE HANDLING CELL LIMITED
JAGRAN,JAGRAN PRAKASHAN LIMITED
DIVGIITTS,DIVGI TORQTRANSFER SYSTEMS LIMITED
JINDRILL,JINDAL DRILLING AND INDUSTRIES LIMITED
HARIOMPIPE,HARIOM PIPE INDUSTRIES LIMITED
MBAPL,MADHYA BHARAT AGRO PRODUCTS LIMITED
YATRA,YATRA ONLINE LIMITED
SHRIRAMPPS,SHRIRAM PROPERTIES LIMITED
VERTOZ,VERTOZ LIMITED
MASTERTR,MASTER TRUST LIMITED
WINDLAS,WINDLAS BIOTECH LIMITED
GMBREW,GM BREWERIES LIMITED
UDAICEMENT,UDAIPUR CEMENT WORKS LIMITED
WEL,WONDER ELECTRICALS LIMITED
STERTOOLS,STERLING TOOLS LIMITED
WHEELS,WHEELS INDIA LIMITED
RAMASTEEL,RAMA STEEL TUBES LIMITED
ROSSTECH,ROSSELL TECHSYS LIMITED
BSHSL,BOMBAY SUPER HYBRID SEEDS LIMITED
RELTD,RAVINDRA ENERGY LIMITED
GPTINFRA,GPT INFRAPROJECTS LIMITED
SIRCA,SIRCA PAINTS INDIA LIMITED
IGPL,IG PETROCHEMICALS LIMITED
SALZERELEC,SALZER ELECTRONICS LIMITED
GRPLTD,GRP LIMITED
ROTO,ROTO PUMPS LIMITED
SYNCOMF,SYNCOM FORMULATIONS (INDIA) LIMITED
SIGACHI,SIGACHI INDUSTRIES LIMITED
DPSCLTD,DPSC LIMITED
MUFIN,MUFIN GREEN FINANCE LIMITED
HERANBA,HERANBA INDUSTRIES LIMITED
EXCELINDUS,EXCEL INDUSTRIES LIMITED
GNA,GNA AXLES LIMITED
SUYOG,SUYOG TELEMATICS LIMITED
SURYODAY,SURYODAY SMALL FINANCE BANK LIMITED
RIIL,RELIANCE INDUSTRIAL INFRASTRUCTURE LIMITED
ATULAUTO,ATUL AUTO LIMITED
GTPL,GTPL HATHWAY LIMITED
SADHNANIQ,SADHANA NITROCHEM LIMITED
ADOR,ADOR WELDING LIMITED
PANACEABIO,PANACEA BIOTEC LIMITED
AGARIND,AGARWAL INDUSTRIAL CORPORATION LIMITED
DSSL,DYNACONS SYSTEMS & SOLUTIONS LIMITED
GODAVARIB,GODAVARI BIOREFINERIES LIMITED
BIGBLOC,BIGBLOC CONSTRUCTION LIMITED
HIRECT,HIND RECTIFIERS LIMITED
SWELECTES,SWELECT ENERGY SYSTEMS LIMITED
DCMSRIND,DCM SHRIRAM INDUSTRIES LIMITED
WALCHANNAG,WALCHANDNAGAR INDUSTRIES LIMITED
IRMENERGY,IRM ENERGY LIMITED
BHARATWIRE,BHARAT WIRE ROPES LIMITED
PENINLAND,PENINSULA LAND LIMITED
INDNIPPON,INDIA NIPPON ELECTRICALS LIMITED
KOKUYOCMLN,KOKUYO CAMLIN LIMITED
ARMANFIN,ARMAN FINANCIAL SERVICES LIMITED
MADRASFERT,MADRAS FERTILIZERS LIMITED
ZOTA,ZOTA HEALTH CARE LIMITED
BOROSCI,BOROSIL SCIENTIFIC LIMITED
SPIC,SOUTHERN PETROCHEMICALS INDUSTRIES CORPORATION  LIMITED
OAL,ORIENTAL AROMATICS LIMITED
NDRAUTO,NDR AUTO COMPONENTS LIMITED
HIMATSEIDE,HIMATSINGKA SEIDE LIMITED
HITECHGEAR,THE HI-TECH GEARS LIMITED
OMINFRAL,OM INFRA LIMITED
AMNPLST,AMINES & PLASTICIZERS LIMITED
MANGCHEFER,MANGALORE CHEMICALS & FERTILIZERS LIMITED
DYCL,DYNAMIC CABLES LIMITED
BCLIND,BCL INDUSTRIES LIMITED
RML,RANE (MADRAS) LIMITED
MSPL,MSP STEEL & POWER LIMITED
ASALCBR,ASSOCIATED ALCOHOLS & BREWERIES LIMITED
EVERESTIND,EVEREST INDUSTRIES LIMITED
CEWATER,CONCORD ENVIRO SYSTEMS LIMITED
MONTECARLO,MONTE CARLO FASHIONS LIMITED
TFCILTD,TOURISM FINANCE CORPORATION OF INDIA LIMITED
ALLDIGI,ALLDIGI TECH LIMITED
BUTTERFLY,BUTTERFLY GANDHIMATHI APPLIANCES LIMITED
EIMCOELECO,EIMCO ELECON (INDIA) LIMITED
SMCGLOBAL,SMC GLOBAL SECURITIES LIMITED
5PAISA,5PAISA CAPITAL LIMITED
MATRIMONY,MATRIMONY.COM LIMITED
YUKEN,YUKEN INDIA LIMITED
IMPAL,INDIA MOTOR PARTS AND ACCESSORIES LIMITED
LIKHITHA,LIKHITHA INFRASTRUCTURE LIMITED
KABRAEXTRU,KABRA EXTRUSION TECHNIK LIMITED
SUBEXLTD,SUBEX LIMITED
FAIRCHEMOR,FAIRCHEM ORGANICS LIMITED
SPORTKING,SPORTKING INDIA LIMITED
TBZ,TRIBHOVANDAS BHIMJI ZAVERI LIMITED
STEELCAS,STEELCAST LIMITED
WINDMACHIN,WINDSOR MACHINES LIMITED
VINCOFE,VINTAGE COFFEE AND BEVERAGES LIMITED
ARIHANTSUP,ARIHANT SUPERSTRUCTURES LIMITED
CLSEL,CHAMAN LAL SETIA EXPORTS LIMITED
TNPL,TAMIL NADU NEWSPRINT & PAPERS LIMITED
RICOAUTO,RICO AUTO INDUSTRIES LIMITED
MAMATA,MAMATA MACHINERY LIMITED
RAMCOSYS,RAMCO SYSTEMS LIMITED
SHANKARA,SHANKARA BUILDING PRODUCTS LIMITED
ORIENTTECH,ORIENT TECHNOLOGIES LIMITED
PVSL,POPULAR VEHICLES AND SERVICES LIMITED
PUNJABCHEM,PUNJAB CHEMICALS & CROP PROTECTION LIMITED
ASIANENE,ASIAN ENERGY SERVICES LIMITED
GPTHEALTH,GPT HEALTHCARE LIMITED
ANDHRSUGAR,THE ANDHRA SUGARS LIMITED
KRISHANA,KRISHANA PHOSCHEM LIMITED
AGIIL,AGI INFRA LIMITED
KELLTONTEC,KELLTON TECH SOLUTIONS LIMITED
JGCHEM,J.G.CHEMICALS LIMITED
RISHABH,RISHABH INSTRUMENTS LIMITED
ACLGATI,ALLCARGO GATI LIMITED
CENTENKA,CENTURY ENKA LIMITED
VIMTALABS,VIMTA LABS LIMITED
KAMDHENU,KAMDHENU LIMITED
VASCONEQ,VASCON ENGINEERS LIMITED
BESTAGRO,BEST AGROLIFE LIMITED
ADSL,ALLIED DIGITAL SERVICES LIMITED
SHREDIGCEM,SHREE DIGVIJAY CEMENT CO.LIMITED
LINCOLN,LINCOLN PHARMACEUTICALS LIMITED
WEALTH,WEALTH FIRST PORTFOLIO MANAGERS LIMITED
SIGNPOST,SIGNPOST INDIA LIMITED
ONEPOINT,ONE POINT ONE SOLUTIONS LIMITED
MACPOWER,MACPOWER CNC MACHINES LIMITED
HERCULES,HERCULES HOISTS LIMITED
TVTODAY,TV TODAY NETWORK LIMITED
MANALIPETC,MANALI PETROCHEMICALS LIMITED
CAPITALSFB,CAPITAL SMALL FINANCE BANK LIMITED
BLISSGVS,BLISS GVS PHARMA LIMITED
ESTER,ESTER INDUSTRIES LIMITED
WCIL,WESTERN CARRIERS (INDIA) LIMITED
CHEMFAB,CHEMFAB ALKALIS LIMITED
GRMOVER,GRM OVERSEAS LIMITED
SAURASHCEM,SAURASHTRA CEMENT LIMITED
RGL,RENAISSANCE GLOBAL LIMITED
KROSS,KROSS LIMITED
SPMLINFRA,SPML INFRA LIMITED
DHAMPURSUG,DHAMPUR SUGAR MILLS LIMITED
NGLFINE,NGL FINE-CHEM LIMITED
XCHANGING,XCHANGING SOLUTIONS LIMITED
KOPRAN,KOPRAN LIMITED
SELAN,SELAN EXPLORATION TECHNOLOGY LIMITED
MUKKA,MUKKA PROTEINS LIMITED
AVADHSUGAR,AVADH SUGAR & ENERGY LIMITED
HLVLTD,HLV LIMITED
SATINDLTD,SAT INDUSTRIES LIMITED
AVTNPL,AVT NATURAL PRODUCTS LIMITED
PPL,PRAKASH PIPES LIMITED
DWARKESH,DWARIKESH SUGAR INDUSTRIES LIMITED
SNOWMAN,SNOWMAN LOGISTICS LIMITED
RKSWAMY,R K SWAMY LIMITED
PDMJEPAPER,PUDUMJEE PAPER PRODUCTS LIMITED
GULPOLY,GULSHAN POLYOLS LIMITED
JAGSNPHARM,JAGSONPAL PHARMACEUTICALS LIMITED
INDOAMIN,INDO AMINES LIMITED
ASAL,AUTOMOTIVE STAMPINGS AND ASSEMBLIES LIMITED
CONTROLPR,CONTROL PRINT LIMITED
ELECTHERM,ELECTROTHERM (INDIA) LIMITED
OSWALGREEN,OSWAL GREENTECH LIMITED
STEELXIND,STEEL EXCHANGE INDIA LIMITED
KUANTUM,KUANTUM PAPERS LIMITED
GICHSGFIN,GIC HOUSING FINANCE LIMITED
GALAPREC,GALA PRECISION ENGINEERING LIMITED
UTTAMSUGAR,UTTAM SUGAR MILLS LIMITED
ICEMAKE,ICE MAKE REFRIGERATION LIMITED
HEUBACHIND,HEUBACH COLORANTS INDIA LIMITED
RADHIKAJWE,RADHIKA JEWELTECH LIMITED
DIFFNKG,DIFFUSION ENGINEERS LIMITED
KSOLVES,KSOLVES INDIA LIMITED
ARROWGREEN,ARROW GREENTECH LIMITED
MVGJL,MANOJ VAIBHAV GEMS N JEWELLERS LIMITED
MUFTI,CREDO BRANDS MARKETING LIMITED
PAKKA,PAKKA LIMITED
ROSSELLIND,ROSSELL INDIA LIMITED
CREATIVE,CREATIVE NEWTECH LIMITED
KOTHARIPET,KOTHARI PETROCHEMICALS LIMITED
APTECHT,APTECH LIMITED
INDORAMA,INDO RAMA SYNTHETICS (INDIA) LIMITED
HARDWYN,HARDWYN INDIA LIMITED
SRHHYPOLTD,SREE RAYALASEEMA HI-STRENGTH HYPO LIMITED
NELCAST,NELCAST LIMITED
SATIA,SATIA INDUSTRIES LIMITED
MUNJALAU,MUNJAL AUTO INDUSTRIES LIMITED
FAZE3Q,FAZE THREE LIMITED
ANUHPHR,ANUH PHARMA LIMITED
BAJAJHCARE,BAJAJ HEALTHCARE LIMITED
ATL,ALLCARGO TERMINALS LIMITED
MAGADSUGAR,MAGADH SUGAR & ENERGY LIMITED
ELIN,ELIN ELECTRONICS LIMITED
JAYBARMARU,JAY BHARAT MARUTI LIMITED
GANESHBE,GANESH BENZOPLAST LIMITED
DHARMAJ,DHARMAJ CROP GUARD LIMITED
TREL,TRANSINDIA REAL ESTATE LIMITED
NAHARSPING,NAHAR SPINNING MILLS LIMITED
VALIANTORG,VALIANT ORGANICS LIMITED
INFOBEAN,INFOBEANS TECHNO. LIMITED
URJA,URJA GLOBAL LIMITED
KRYSTAL,KRYSTAL INTEGRATED SERVICES LIMITED
GANDHITUBE,GANDHI SPECIAL TUBES LIMITED
KAMOPAINTS,KAMDHENU VENTURES LIMITED
KRITI,KRITI INDUSTRIES (INDIA) LIMITED
ARIHANTCAP,ARIHANT CAPITAL MARKETS LIMITED
NINSYS,NINTEC SYSTEMS LIMITED
AYMSYNTEX,AYM SYNTEX LIMITED
NCLIND,NCL INDUSTRIES LIMITED
ENIL,ENTERTAINMENT NETWORK (INDIA) LIMITED
RSWM,RSWM LIMITED
ASIANTILES,ASIAN GRANITO INDIA LIMITED
BODALCHEM,BODAL CHEMICALS LIMITED
DHANBANK,DHANLAXMI BANK LIMITED
BIRLAMONEY,ADITYA BIRLA MONEY LIMITED
INNOVANA,INNOVANA THINKLABS LIMITED
GHCLTEXTIL,GHCL TEXTILES LIMITED
RATNAVEER,RATNAVEER PRECISION ENGINEERING LIMITED
SHIVALIK,SHIVALIK RASAYAN LIMITED
AMBIKCO,AMBIKA COTTON MILLS LIMITED
ROHLTD,ROYAL ORCHID HOTELS LIMITED
LINC,LINC LIMITED
20MICRONS,20 MICRONS LIMITED
RUSHIL,RUSHIL DECOR LIMITED
SBC,SBC EXPORTS LIMITED
RACLGEAR,RACL GEARTECH LIMITED
RITCO,RITCO LOGISTICS LIMITED
MINDTECK,MINDTECK (INDIA) LIMITED
CHEMCON,CHEMCON SPECIALITY CHEMICALS LIMITED
SARVESHWAR,SARVESHWAR FOODS LIMITED
FILATFASH,FILATEX FASHIONS LIMITED
ZODIAC,ZODIAC ENERGY LIMITED
SILVERTUC,SILVER TOUCH TECHNOLOGIES LIMITED
CSLFINANCE,CSL FINANCE LIMITED
MALLCOM,MALLCOM (INDIA) LIMITED
TRACXN,TRACXN TECHNOLOGIES LIMITED
GARUDA,GARUDA CONSTRUCTION AND ENGINEERING LIMITED
JAYAGROGN,JAYANT AGRO ORGANICS LIMITED
UGARSUGAR,THE UGAR SUGAR WORKS LIMITED
ELDEHSG,ELDECO HOUSING AND INDUSTRIES LIMITED
ZUARI,ZUARI AGRO CHEMICALS LIMITED
DBOL,DHAMPUR BIO ORGANICS LIMITED
BHAGERIA,BHAGERIA INDUSTRIES LIMITED
DECCANCE,DECCAN CEMENTS LIMITED
MMP,MMP INDUSTRIES LIMITED
ONWARDTEC,ONWARD TECHNOLOGIES LIMITED
RUBYMILLS,THE RUBY MILLS LIMITED
FOODSIN,FOODS & INNS LIMITED
DENTA,DENTA WATER AND INFRA SOLUTIONS LIMITED
RADIANTCMS,RADIANT CASH MANAGEMENT SERVICES LIMITED
REPRO,REPRO INDIA LIMITED
SHREEPUSHK,SHREE PUSHKAR CHEMICALS & FERTILISERS LIMITED
GEECEE,GEECEE VENTURES LIMITED
GSLSU,GLOBAL SURFACES LIMITED
HPAL,HP ADHESIVES LIMITED
SUKHJITS,SUKHJIT STARCH & CHEMICALS LIMITED
MAANALU,MAAN ALUMINIUM LIMITED
GLOSTERLTD,GLOSTER LIMITED
LIBERTSHOE,LIBERTY SHOES LIMITED
NECLIFE,NECTAR LIFESCIENCES LIMITED
TPLPLASTEH,TPL PLASTECH LIMITED
SARLAPOLY,SARLA PERFORMANCE FIBERS LIMITED
FOCUS,FOCUS LIGHTING AND FIXTURES LIMITED
TNPETRO,TAMILNADU PETROPRODUCTS LIMITED
CHEVIOT,CHEVIOT COMPANY LIMITED
TRANSWORLD,TRANSWORLD SHIPPING LINES LIMITED
CHEMBOND,CHEMBOND CHEMICALS LIMITED
HINDCOMPOS,HINDUSTAN COMPOSITES LIMITED
SPECIALITY,SPECIALITY RESTAURANTS LIMITED
DENORA,DE NORA INDIA LIMITED
DBEIL,DEEPAK BUILDERS & ENGINEERS INDIA LIMITED
SURAJLTD,SURAJ LIMITED
APEX,APEX FROZEN FOODS LIMITED
INDOFARM,INDO FARM EQUIPMENT LIMITED
TOLINS,TOLINS TYRES LIMITED
MANBA,MANBA FINANCE LIMITED
NDL,NANDAN DENIM LIMITED
WANBURY,WANBURY LIMITED
VRAJ,VRAJ IRON AND STEEL LIMITED
INDSWFTLAB,IND-SWIFT LABORATORIES LIMITED
DMCC,DMCC SPECIALITY CHEMICALS LIMITED
KHAICHEM,KHAITAN CHEMICALS & FERTILIZERS LIMITED
PLASTIBLEN,PLASTIBLENDS INDIA LIMITED
BIRLACABLE,BIRLA CABLE LIMITED
RPPINFRA,R.P.P. INFRA PROJECTS LIMITED
EMAMIPAP,EMAMI PAPER MILLS LIMITED
RVTH,REVATHI EQUIPMENT INDIA LIMITED
NRL,NUPUR RECYCLERS LIMITED
MENONBE,MENON BEARINGS LIMITED
VINYLINDIA,VINYL CHEMICALS (INDIA) LIMITED
PYRAMID,PYRAMID TECHNOPLAST LIMITED
LOKESHMACH,LOKESH MACHINES LIMITED
ASHIMASYN,ASHIMA LIMITED
BEDMUTHA,BEDMUTHA INDUSTRIES LIMITED
HMVL,HINDUSTAN MEDIA VENTURES LIMITED
SAKAR,SAKAR HEALTHCARE LIMITED
GOACARBON,GOA CARBON LIMITED
KHADIM,KHADIM INDIA LIMITED
MBLINFRA,MBL INFRASTRUCTURE LIMITED
NAHARPOLY,NAHAR POLY FILMS LIMITED
RBZJEWEL,RBZ JEWELLERS LIMITED
NRAIL,N R AGARWAL INDUSTRIES LIMITED
KRITINUT,KRITI NUTRIENTS LIMITED
DONEAR,DONEAR INDUSTRIES LIMITED
RSSOFTWARE,R. S. SOFTWARE (INDIA) LIMITED
ADVANIHOTR,ADVANI HOTELS & RESORTS (INDIA) LIMITED
SKMEGGPROD,SKM EGG PRODUCTS EXPORT (INDIA) LIMITED
STALLION,STALLION INDIA FLUOROCHEMICALS LIMITED
CYBERTECH,CYBERTECH SYSTEMS AND SOFTWARE LIMITED
IRIS,IRIS BUSINESS SERVICES LIMITED
MOLDTECH,MOLD-TEK TECHNOLOGIES LIMITED
RACE,RACE ECO CHAIN LIMITED
DAVANGERE,DAVANGERE SUGAR COMPANY LIMITED
BCONCEPTS,BRAND CONCEPTS LIMITED
ALANKIT,ALANKIT LIMITED
SREEL,SREELEATHERS LIMITED
INDOBORAX,INDO BORAX & CHEMICALS LIMITED
MUNJALSHOW,MUNJAL SHOWA LIMITED
SRM,SRM CONTRACTORS LIMITED
NOVAAGRI,NOVA AGRITECH LIMITED
KRONOX,KRONOX LAB SCIENCES LIMITED
IZMO,IZMO LIMITED
REMSONSIND,REMSONS INDUSTRIES LIMITED
DPWIRES,D P WIRES LIMITED
VIKASECO,VIKAS ECOTECH LIMITED
PAVNAIND,PAVNA INDUSTRIES LIMITED
NAHARINDUS,NAHAR INDUSTRIAL ENTERPRISES LIMITED
AVG,AVG LOGISTICS LIMITED
DICIND,DIC INDIA LIMITED
TARACHAND,TARA CHAND INFRALOGISTIC SOLUTIONS LIMITED
MANAKSIA,MANAKSIA LIMITED
BALAJEE,SHREE TIRUPATI BALAJEE AGRO TRADING COMPANY LIMITED
MEDICAMEQ,MEDICAMEN BIOTECH LIMITED
PRECOT,PRECOT LIMITED
ORIENTCER,ORIENT CERATECH LIMITED
XTGLOBAL,XTGLOBAL INFOTECH LIMITED
AARTISURF,AARTI SURFACTANTS LIMITED
BPL,BPL LIMITED
KAMATHOTEL,KAMAT HOTELS (I) LIMITED
SSDL,SARASWATI SAREE DEPOT LIMITED
MUTHOOTCAP,MUTHOOT CAPITAL SERVICES LIMITED
KCPSUGIND,KCP SUGAR AND INDUSTRIES CORPORATION LIMITED
INDOUS,INDO US BIOTECH LIMITED
KANORICHEM,KANORIA CHEMICALS & INDUSTRIES LIMITED
PREMIERPOL,PREMIER POLYFILM LIMITED
INTLCONV,INTERNATIONAL CONVEYORS LIMITED
IRISDOREME,IRIS CLOTHINGS LIMITED
MODISONLTD,MODISON LIMITED
BALAXI,BALAXI PHARMACEUTICALS LIMITED
3IINFOLTD,3I INFOTECH LIMITED
MAZDA,MAZDA LIMITED
ZIMLAB,ZIM LABORATORIES LIMITED
KILITCH,KILITCH DRUGS (INDIA) LIMITED
GEEKAYWIRE,GEEKAY WIRES LIMITED
DIAMINESQ,DIAMINES & CHEMICALS LIMITED
SINCLAIR,SINCLAIRS HOTELS LIMITED
AXITA,AXITA COTTON LIMITED
ASAHISONG,ASAHI SONGWON COLORS LIMITED
TRF,TRF LIMITED
IFBAGRO,IFB AGRO INDUSTRIES LIMITED
UYFINCORP,U. Y. FINCORP LIMITED
APCL,ANJANI PORTLAND CEMENT LIMITED
SADBHAV,SADBHAV ENGINEERING LIMITED
SRD,SHANKAR LAL RAMPAL DYE-CHEM LIMITED
VALIANTLAB,VALIANT LABORATORIES LIMITED
TEMBO,TEMBO GLOBAL INDUSTRIES LIMITED
ORIENTBELL,ORIENT BELL LIMITED
NILAINFRA,NILA INFRASTRUCTURES LIMITED
INSPIRISYS,INSPIRISYS SOLUTIONS LIMITED
GOKUL,GOKUL REFOILS AND SOLVENT LIMITED
BANSWRAS,BANSWARA SYNTEX LIMITED
ALMONDZ,ALMONDZ GLOBAL SECURITIES LIMITED
ELGIRUBCO,ELGI RUBBER COMPANY LIMITED
UNIDT,UNITED DRILLING TOOLS LIMITED
RADIOCITY,MUSIC BROADCAST LIMITED
ORBTEXP,ORBIT EXPORTS LIMITED
LYKALABS,LYKA LABS LIMITED
SRGHFL,SRG HOUSING FINANCE LIMITED
AUTOIND,AUTOLINE INDUSTRIES LIMITED
DYNPRO,DYNEMIC PRODUCTS LIMITED
KAPSTON,KAPSTON SERVICES LIMITED
OCCLLTD,OCCL LIMITED
DCI,DC INFOTECH AND COMMUNICATION LIMITED
HARRMALAYA,HARRISONS  MALAYALAM LIMITED
NILASPACES,NILA SPACES LIMITED
VSTL,VIBHOR STEEL TUBES LIMITED
VARDHACRLC,VARDHMAN ACRYLICS LIMITED
BBTCL,B&B TRIPLEWALL CONTAINERS LIMITED
EIFFL,EURO INDIA FRESH FOODS LIMITED
VENUSREM,VENUS REMEDIES LIMITED
VIESL,VISION INFRA EQUIPMENT SOLUTIONS LIMITED
RUBFILA,RUBFILA INTERNATIONAL LIMITED
SHREERAMA,SHREE RAMA MULTI-TECH LIMITED
KOTARISUG,KOTHARI SUGARS AND CHEMICALS LIMITED
PRITIKAUTO,PRITIKA AUTO INDUSTRIES LIMITED
SAKHTISUG,SAKTHI SUGARS LIMITED
MAWANASUG,MAWANA SUGARS LIMITED
AIRAN,AIRAN LIMITED
PODDARMENT,PODDAR PIGMENTS LIMITED
NIPPOBATRY,INDO-NATIONAL LIMITED
MANORG,MANGALAM ORGANICS LIMITED
KRITIKA,KRITIKA WIRES LIMITED
SCODATUBES,SKODA TUBES LIMITED
PROSTARM,PROSTARM INFO SYSTEMS LIMITED
AEGISVOPAK,AEGIS VOPAK TERMINALS LIMITED
THELEELA,LEELA HOTELS LIMITED
BORANA,BORANA WEAVES LIMITED
BELRISE,BELRISE INDUSTRIES LIMITED
